"Freq [GHz]","mag(St(FloquetPort1:1,FloquetPort1:1)) []","mag(St(FloquetPort2:1,FloquetPort1:1)) []"
3,0.387412311894456,0.907036152471365
3.0075,0.384836015432601,0.908068830842455
3.015,0.382265167865991,0.909090977003516
3.0225,0.379699935612885,0.91010260578112
3.03,0.377140486565235,0.911103732701157
3.0375,0.374586990121221,0.91209437398322
3.045,0.372039617218711,0.913074546534857
3.0525,0.369498540369671,0.914044267945721
3.06,0.366963933695495,0.915003556481591
3.0675,0.364435972963284,0.915952431078296
3.075,0.361914835623038,0.916890911335517
3.0825,0.359400700845779,0.917819017510494
3.09,0.356893749562577,0.918736770511624
3.0975,0.354394164504478,0.919644191891961
3.105,0.351902130243313,0.920541303842621
3.1125,0.349417833233371,0.921428129186088
3.12,0.346941461853913,0.922304691369438
3.1275,0.344473206452507,0.923171014457462
3.135,0.342013259389144,0.924027123125723
3.1425,0.339561815081112,0.924873042653506
3.15,0.337119070048587,0.925708798916716
3.1575,0.33468522296089,0.92653441838068
3.165,0.332260474683377,0.927349928092883
3.1725,0.329845028324899,0.928155355675641
3.18,0.327439089285767,0.928950729318691
3.1875,0.325042865306174,0.929736077771735
3.195,0.322656566514985,0.930511430336911
3.2025,0.320280405478823,0.93127681686121
3.21,0.31791459725136,0.932032267728839
3.2175,0.315559359422731,0.932777813853531
3.225,0.313214912168942,0.933513486670804
3.2325,0.310881478301188,0.934239318130181
3.24,0.308559283314937,0.934955340687354
3.2475,0.306248555438659,0.935661587296324
3.255,0.303949525682055,0.936358091401487
3.2625,0.30166242788363,0.937044886929702
3.27,0.29938749875744,0.93772200828231
3.2775,0.297124977938852,0.93838949032714
3.285,0.294875108029097,0.939047368390479
3.2925,0.292638134638437,0.939695678249022
3.3,0.290414306427719,0.9403344561218
3.3075,0.288203875148068,0.940963738662094
3.315,0.286007095678492,0.941583562949327
3.3225,0.283824226061119,0.942193966480953
3.33,0.281655527533788,0.942794987164326
3.3375,0.279501264559691,0.943386663308568
3.345,0.277361704853762,0.943969033616432
3.3525,0.275237119405457,0.94454213717616
3.36,0.273127782497597,0.945106013453344
3.3675,0.27103397172088,0.945660702282789
3.375,0.268955967983686,0.946206243860378
3.3825,0.266894055516754,0.946742678734954
3.39,0.264848521872314,0.947270047800198
3.3975,0.262819657917208,0.947788392286534
3.405,0.260807757819552,0.948297753753036
3.4125,0.258813119028432,0.948798174079362
3.42,0.256836042246145,0.949289695457697
3.4275,0.254876831392451,0.94977236038473
3.435,0.252935793560301,0.95024621165364
3.4425,0.251013238962479,0.950711292346119
3.45,0.249109480868599,0.951167645824414
3.4575,0.247224835531853,0.951615315723409
3.465,0.245359622104932,0.952054345942722
3.4725,0.24351416254451,0.952484780638855
3.48,0.241688781503671,0.952906664217362
3.4875,0.23988380621167,0.953320041325066
3.495,0.238099566340413,0.953724956842309
3.5025,0.236336393857031,0.954121455875239
3.51,0.234594622861947,0.954509583748155
3.5175,0.232874589411836,0.954889385995871
3.525,0.231176631326893,0.955260908356154
3.5325,0.229501087981843,0.955624196762183
3.54,0.227848300080165,0.955979297335074
3.5475,0.226218609411014,0.956326256376449
3.555,0.224612358588372,0.956665120361055
3.5625,0.223029890772019,0.956995935929443
3.57,0.221471549369932,0.95731874988069
3.5775,0.219937677721813,0.957633609165187
3.585,0.218428618763493,0.95794056087748
3.5925,0.216944714672044,0.958239652249166
3.6,0.215486306491506,0.958530930641857
3.6075,0.214053733739229,0.958814443540193
3.615,0.212647333992934,0.959090238544926
3.6225,0.211267442458703,0.959358363366062
3.63,0.209914391520206,0.959618865816068
3.6375,0.20858851026963,0.959871793803145
3.645,0.207290124020864,0.960117195324561
3.6525,0.20601955380567,0.960355118460058
3.66,0.204777115853677,0.960585611365321
3.6675,0.203563121057216,0.960808722265516
3.675,0.202377874422133,0.961024499448901
3.6825,0.2012216745059,0.961232991260497
3.69,0.200094812844492,0.961434246095843
3.6975,0.198997573369638,0.961628312394809
3.705,0.197930231818241,0.961815238635487
3.7125,0.196893055135893,0.961995073328153
3.72,0.195886300876559,0.962167865009306
3.7275,0.19491021660067,0.962333662235767
3.735,0.193965039273954,0.962492513578871
3.7425,0.193050994669515,0.962644467618714
3.75,0.192168296775724,0.962789572938488
3.7575,0.191317147212612,0.962927878118885
3.765,0.190497734659535,0.963059431732576
3.7725,0.189710234296924,0.963184282338767
3.78,0.188954807264987,0.963302478477833
3.7875,0.188231600142242,0.963414068666021
3.795,0.187540744446749,0.963519101390234
3.8025,0.186882356162898,0.963617625102896
3.81,0.186256535296528,0.96370968821688
3.8175,0.185663365461094,0.963795339100529
3.825,0.185102913497475,0.963874626072737
3.8325,0.1845752291299,0.963947597398125
3.84,0.184080344660286,0.964014301282272
3.8475,0.183618274703122,0.964074785867046
3.855,0.183189015962819,0.964129099225991
3.8625,0.182792547055211,0.964177289359806
3.87,0.182428828374643,0.964219404191889
3.8775,0.182097802007849,0.964255491563968
3.885,0.181799391695481,0.964285599231799
3.8925,0.181533502841936,0.964309774860943
3.9,0.181300022573758,0.964328066022625
3.9075,0.181098819846639,0.964340520189658
3.915,0.180929745600709,0.964347184732451
3.9225,0.180792632963513,0.964348106915089
3.93,0.180687297499767,0.964343333891487
3.9375,0.180613537506699,0.964332912701621
3.945,0.180571134353508,0.96431689026783
3.9525,0.180559852863189,0.964295313391196
3.96,0.18057944173476,0.964268228747996
3.9675,0.180629634003664,0.964235682886226
3.975,0.180710147537948,0.964197722222198
3.9825,0.180820685567615,0.964154393037212
3.99,0.180960937244414,0.964105741474297
3.9975,0.181130578229189,0.964051813535025
4.005,0.181329271303813,0.9639926550764
4.0125,0.181556667004664,0.963928311807805
4.02,0.181812404274559,0.963858829288037
4.0275,0.182096111130023,0.963784252922398
4.035,0.182407405340804,0.963704627959862
4.0425,0.182745895118561,0.963619999490304
4.05,0.183111179811712,0.963530412441808
4.0575,0.183502850603506,0.963435911578032
4.065,0.183920491210482,0.963336541495646
4.0725,0.184363678578591,0.963232346621833
4.08,0.184831983574385,0.963123371211859
4.0875,0.185324971668834,0.963009659346707
4.095,0.185842203611462,0.962891254930774
4.1025,0.186383236092682,0.962768201689635
4.11,0.186947622392368,0.962640543167869
4.1175,0.187534913012883,0.962508322726946
4.125,0.188144656294949,0.962371583543181
4.1325,0.188776399014932,0.962230368605744
4.14,0.18942968696231,0.962084720714735
4.1475,0.190104065496217,0.961934682479318
4.155,0.190799080080181,0.961780296315913
4.1625,0.191514276794322,0.961621604446451
4.17,0.192249202824398,0.96145864889668
4.1775,0.193003406927313,0.961291471494539
4.185,0.193776439872765,0.961120113868578
4.1925,0.194567854860907,0.960944617446445
4.2,0.195377207915988,0.960765023453417
4.2075,0.196204058256062,0.960581372910996
4.215,0.197047968638975,0.960393706635553
4.2225,0.197908505684911,0.960202065237031
4.23,0.19878524017589,0.960006489117691
4.2375,0.199677747332669,0.959807018470924
4.245,0.200585607069587,0.9596036932801
4.2525,0.201508404227924,0.959396553317482
4.26,0.202445728788439,0.959185638143174
4.2675,0.203397176063736,0.958970987104137
4.275,0.204362346871209,0.958752639333233
4.2825,0.205340847687288,0.958530633748336
4.29,0.206332290783763,0.958305009051479
4.2975,0.207336294346967,0.958075803728048
4.305,0.208352482580605,0.957843056046027
4.3125,0.20938048579303,0.957606804055285
4.32,0.210419940469759,0.957367085586906
4.3275,0.211470489332014,0.957123938252566
4.335,0.212531781382082,0.956877399443952
4.3425,0.213603471936246,0.956627506332219
4.35,0.214685222646056,0.9563742958675
4.3575,0.215776701508679,0.956117804778441
4.365,0.216877582867027,0.955858069571792
4.3725,0.217987547400385,0.955595126532024
4.38,0.219106282106199,0.955329011720999
4.3875,0.220233480273673,0.955059760977664
4.395,0.221368841449807,0.954787409917793
4.4025,0.222512071398484,0.954511993933762
4.41,0.223662882053157,0.954233548194357
4.4175,0.224820991463712,0.953952107644629
4.425,0.225986123738012,0.953667707005769
4.4325,0.22715800897863,0.953380380775026
4.44,0.228336383215232,0.953090163225661
4.4475,0.22952098833307,0.952797088406927
4.455,0.230711571997992,0.952501190144083
4.4625,0.231907887578381,0.952202502038446
4.47,0.233109694064378,0.951901057467469
4.4775,0.234316755984769,0.951596889584846
4.485,0.235528843321831,0.951290031320654
4.4925,0.236745731424472,0.950980515381523
4.5,0.237967200919938,0.950668374250829
4.5075,0.23919303762436,0.950353640188922
4.515,0.240423032452384,0.95003634523338
4.5225,0.241656981326126,0.949716521199284
4.53,0.242894685083653,0.949394199679528
4.5375,0.244135949387191,0.949069412045148
4.545,0.24538058463125,0.94874218944568
4.5525,0.24662840585082,0.948412562809542
4.56,0.247879232629804,0.948080562844439
4.5675,0.249132889009813,0.94774622003779
4.575,0.25038920339947,0.947409564657182
4.5825,0.251648008484317,0.947070626750845
4.59,0.252909141137454,0.946729436148145
4.5975,0.254172442330978,0.946386022460105
4.605,0.255437757048339,0.946040415079939
4.6125,0.256704934197654,0.945692643183615
4.62,0.257973826526079,0.94534273573043
4.6275,0.259244290535274,0.944990721463608
4.635,0.260516186398035,0.944636628910918
4.6425,0.261789377876117,0.944280486385307
4.65,0.263063732239309,0.94392232198555
4.6575,0.26433912018578,0.943562163596925
4.665,0.265615415763724,0.943200038891894
4.6725,0.266892496294348,0.94283597533081
4.68,0.268170242296186,0.942470000162631
4.6875,0.26944853741079,0.942102140425657
4.695,0.270727268329788,0.941732422948278
4.7025,0.272006324723312,0.941360874349739
4.71,0.273285599169824,0.940987521040912
4.7175,0.27456498708731,0.940612389225095
4.725,0.275844386665867,0.94023550489881
4.7325,0.277123698801656,0.939856893852622
4.74,0.278402827032239,0.939476581671969
4.7475,0.279681677473261,0.939094593738003
4.755,0.280960158756499,0.938710955228442
4.7625,0.282238181969239,0.938325691118436
4.77,0.283515660594986,0.937938826181441
4.7775,0.284792510455477,0.937550384990103
4.785,0.286068649653996,0.937160391917153
4.7925,0.287343998519962,0.936768871136315
4.8,0.288618479554779,0.936375846623217
4.8075,0.289892017378927,0.935981342156317
4.815,0.291164538680271,0.935585381317828
4.8225,0.292435972163578,0.935187987494668
4.83,0.293706248501209,0.934789183879397
4.8375,0.29497530028498,0.93438899347118
4.845,0.296243061979148,0.933987439076744
4.8525,0.297509469874535,0.933584543311351
4.86,0.298774462043732,0.933180328599771
4.8675,0.300037978297385,0.932774817177263
4.875,0.301299960141538,0.932368031090566
4.8825,0.302560350736003,0.931959992198892
4.89,0.303819094853739,0.93155072217492
4.8975,0.305076138841229,0.931140242505804
4.905,0.306331430579813,0.930728574494181
4.9125,0.307584919447977,0.930315739259181
4.92,0.30883655628456,0.929901757737447
4.9275,0.310086293352873,0.929486650684152
4.935,0.311334084305693,0.929070438674028
4.9425,0.312579884151131,0.92865314210239
4.95,0.313823649219329,0.928234781186168
4.9575,0.315065337129999,0.927815375964941
4.965,0.316304906760749,0.927394946301969
4.9725,0.317542318216201,0.926973511885241
4.98,0.318777532797881,0.926551092228504
4.9875,0.320010512974842,0.926127706672314
4.995,0.321241222355027,0.925703374385076
5.0025,0.322469625657341,0.92527811436409
5.01,0.323695688684416,0.924851945436598
5.0175,0.324919378296046,0.924424886260832
5.025,0.326140662383294,0.923996955327061
5.0325,0.32735950984323,0.923568170958641
5.04,0.328575890554303,0.923138551313065
5.0475,0.329789775352319,0.922708114383009
5.055,0.331001136007016,0.922276877997385
5.0625,0.332209945199224,0.921844859822388
5.07,0.333416176498577,0.921412077362548
5.0775,0.334619804341794,0.920978547961771
5.085,0.335820804011478,0.920544288804394
5.0925,0.337019151615454,0.920109316916227
5.1,0.338214824066604,0.919673649165599
5.1075,0.339407799063206,0.919237302264402
5.115,0.340598055069749,0.918800292769135
5.1225,0.341785571298232,0.918362637081942
5.13,0.3429703276899,0.917924351451654
5.1375,0.344152304897452,0.917485451974822
5.145,0.34533148426766,0.91704595459676
5.1525,0.346507847824432,0.916605875112567
5.16,0.347681378252269,0.916165229168169
5.1675,0.348852058880142,0.915724032261337
5.175,0.350019873665746,0.91528229974272
5.1825,0.35118480718014,0.914840046816865
5.19,0.352346844592761,0.914397288543235
5.1975,0.353505971656797,0.91395403983723
5.205,0.354662174694908,0.913510315471196
5.2125,0.3558154405853,0.913066130075441
5.22,0.356965756748118,0.912621498139237
5.2275,0.358113111132181,0.912176434011829
5.235,0.359257492202021,0.911730951903429
5.2425,0.360398888925233,0.91128506588622
5.25,0.361537290760129,0.910838789895342
5.2575,0.362672687643681,0.910392137729886
5.265,0.363805069979752,0.909945123053875
5.2725,0.3649344286276,0.90949775939725
5.28,0.366060754890654,0.909050060156841
5.2875,0.367184040505556,0.908602038597344
5.295,0.368304277631455,0.908153707852289
5.3025,0.369421458839555,0.907705080925001
5.31,0.3705355771029,0.907256170689562
5.3175,0.371646625786404,0.906806989891766
5.325,0.372754598637102,0.906357551150067
5.3325,0.373859489774638,0.905907866956528
5.34,0.374961293681957,0.90545794967776
5.3475,0.376060005196226,0.905007811555858
5.355,0.377155619499951,0.904557464709331
5.3625,0.378248132112301,0.904106921134032
5.37,0.379337538880629,0.903656192704076
5.3775,0.380423835972186,0.903205291172756
5.385,0.381507019866022,0.902754228173457
5.3925,0.382587087345065,0.902303015220556
5.4,0.383664035488386,0.901851663710331
5.4075,0.384737861663633,0.901400184921849
5.415,0.385808563519629,0.900948590017859
5.4225,0.386876138979143,0.900496890045677
5.43,0.387940586231819,0.900045095938063
5.4375,0.389001903727255,0.899593218514098
5.445,0.390060090168245,0.899141268480049
5.4525,0.391115144504159,0.898689256430234
5.46,0.392167065924477,0.898237192847877
5.4675,0.393215853852455,0.897785088105961
5.475,0.394261507938937,0.897332952468075
5.4825,0.395304028056295,0.896880796089251
5.49,0.396343414292503,0.8964286290168
5.4975,0.397379666945336,0.895976461191141
5.505,0.398412786516699,0.895524302446625
5.5125,0.399442773707065,0.895072162512349
5.52,0.400469629410047,0.894620051012972
5.5275,0.401493354707073,0.894167977469514
5.535,0.402513950862175,0.893715951300163
5.5425,0.403531419316898,0.893263981821064
5.55,0.404545761685299,0.892812078247108
5.5575,0.405556979749065,0.892360249692713
5.565,0.406565075452724,0.891908505172604
5.5725,0.407570050898958,0.891456853602579
5.58,0.408571908344013,0.891005303800275
5.5875,0.409570650193203,0.890553864485925
5.595,0.410566278996506,0.890102544283113
5.6025,0.411558797444247,0.889651351719515
5.61,0.412548208362875,0.889200295227647
5.6175,0.41353451471082,0.888749383145592
5.625,0.414517719574433,0.888298623717734
5.6325,0.415497826164012,0.887848025095473
5.64,0.416474837809903,0.887397595337951
5.6475,0.417448757958681,0.886947342412755
5.655,0.418419590169405,0.886497274196623
5.6625,0.419387338109948,0.886047398476144
5.67,0.420352005553399,0.885597722948447
5.6775,0.421313596374531,0.885148255221891
5.685,0.422272114546347,0.884699002816745
5.6925,0.423227564136683,0.884249973165857
5.7,0.424179949304882,0.883801173615327
5.7075,0.42512927429853,0.883352611425169
5.715,0.426075543450256,0.882904293769967
5.7225,0.427018761174589,0.882456227739522
5.73,0.427958931964877,0.882008420339503
5.7375,0.428896060390267,0.881560878492076
5.745,0.429830151092736,0.881113609036546
5.7525,0.430761208784177,0.880666618729977
5.76,0.431689238243548,0.880219914247815
5.7675,0.432614244314061,0.879773502184502
5.775,0.433536231900432,0.879327389054083
5.7825,0.434455205966178,0.878881581290813
5.79,0.435371171530961,0.878436085249749
5.7975,0.436284133667985,0.877990907207346
5.805,0.437194097501436,0.877546053362036
5.8125,0.438101068203967,0.877101529834812
5.82,0.439005050994232,0.8766573426698
5.8275,0.439906051134458,0.876213497834826
5.835,0.440804073928067,0.875770001221981
5.8425,0.441699124717333,0.87532685864817
5.85,0.442591208881083,0.874884075855671
5.8575,0.443480331832434,0.874441658512672
5.865,0.44436649901658,0.873999612213816
5.8725,0.445249715908599,0.873557942480728
5.88,0.446129988011317,0.873116654762549
5.8875,0.447007320853192,0.872675754436453
5.895,0.447881719986242,0.872235246808162
5.9025,0.448753190984008,0.871795137112464
5.91,0.449621739439548,0.87135543051371
5.9175,0.450487370963462,0.870916132106315
5.925,0.451350091181959,0.870477246915255
5.9325,0.452209905734943,0.870038779896554
5.94,0.453066820274141,0.869600735937763
5.9475,0.453920840461255,0.869163119858442
5.955,0.454771971966145,0.868725936410632
5.9625,0.455620220465045,0.868289190279314
5.97,0.4564655916388,0.867852886082881
5.9775,0.457308091171138,0.867417028373582
5.985,0.458147724746964,0.866981621637983
5.9925,0.458984498050684,0.866546670297403
6,0.459818416764557,0.866112178708359
