Freq [GHz],"dB(St(FloquetPort1:1,FloquetPort1:1)) []","dB(St(FloquetPort2:1,FloquetPort1:1)) []"
3,-8.236531632,-0.847508051
3.0075,-8.294485813,-0.837624622
3.015,-8.352705465,-0.827853054
3.0225,-8.41118953,-0.818192843
3.03,-8.469936859,-0.808643482
3.0375,-8.528946206,-0.799204462
3.045,-8.588216223,-0.789875275
3.0525,-8.647745457,-0.78065541
3.06,-8.707532348,-0.771544358
3.0675,-8.76757522,-0.762541606
3.075,-8.827872278,-0.753646644
3.0825,-8.888421607,-0.744858956
3.09,-8.949221159,-0.736178031
3.0975,-9.010268757,-0.727603353
3.105,-9.071562083,-0.719134407
3.1125,-9.133098674,-0.710770676
3.12,-9.194875919,-0.702511646
3.1275,-9.256891048,-0.694356797
3.135,-9.319141132,-0.686305613
3.1425,-9.381623072,-0.678357576
3.15,-9.444333595,-0.670512165
3.1575,-9.507269244,-0.662768862
3.165,-9.570426376,-0.655127147
3.1725,-9.633801151,-0.6475865
3.18,-9.697389525,-0.640146399
3.1875,-9.761187246,-0.632806324
3.195,-9.825189839,-0.625565753
3.2025,-9.889392607,-0.618424164
3.21,-9.953790614,-0.611381035
3.2175,-10.01837868,-0.604435843
3.225,-10.08315139,-0.597588066
3.2325,-10.14810303,-0.590837181
3.24,-10.21322766,-0.584182665
3.2475,-10.27851902,-0.577623994
3.255,-10.3439706,-0.571160645
3.2625,-10.40957556,-0.564792095
3.27,-10.47532676,-0.55851782
3.2775,-10.54121675,-0.552337297
3.285,-10.60723774,-0.546250001
3.2925,-10.6733816,-0.54025541
3.3,-10.73963986,-0.534353
3.3075,-10.80600368,-0.528542248
3.315,-10.87246384,-0.52282263
3.3225,-10.93901075,-0.517193624
3.33,-11.00563442,-0.511654706
3.3375,-11.07232446,-0.506205354
3.345,-11.13907004,-0.500845045
3.3525,-11.20585992,-0.495573258
3.36,-11.27268243,-0.490389471
3.3675,-11.33952541,-0.485293161
3.375,-11.40637629,-0.480283809
3.3825,-11.47322198,-0.475360893
3.39,-11.54004893,-0.470523893
3.3975,-11.60684309,-0.46577229
3.405,-11.67358989,-0.461105563
3.4125,-11.74027427,-0.456523195
3.42,-11.80688062,-0.452024667
3.4275,-11.87339281,-0.447609462
3.435,-11.93979416,-0.443277062
3.4425,-12.00606745,-0.439026952
3.45,-12.07219487,-0.434858615
3.4575,-12.13815807,-0.430771537
3.465,-12.20393812,-0.426765203
3.4725,-12.26951551,-0.4228391
3.48,-12.33487016,-0.418992715
3.4875,-12.39998138,-0.415225537
3.495,-12.46482791,-0.411537054
3.5025,-12.52938791,-0.407926756
3.51,-12.59363893,-0.404394134
3.5175,-12.65755796,-0.40093868
3.525,-12.72112138,-0.397559886
3.5325,-12.78430503,-0.394257246
3.54,-12.84708414,-0.391030254
3.5475,-12.90943343,-0.387878406
3.555,-12.97132703,-0.384801199
3.5625,-13.03273857,-0.381798131
3.57,-13.09364112,-0.3788687
3.5775,-13.1540073,-0.376012406
3.585,-13.21380921,-0.373228751
3.5925,-13.27301852,-0.370517237
3.6,-13.33160645,-0.367877368
3.6075,-13.38954385,-0.365308648
3.615,-13.44680116,-0.362810583
3.6225,-13.5033485,-0.360382681
3.63,-13.55915571,-0.35802445
3.6375,-13.61419235,-0.355735401
3.645,-13.66842777,-0.353515044
3.6525,-13.72183116,-0.351362892
3.66,-13.77437156,-0.349278459
3.6675,-13.82601798,-0.347261261
3.675,-13.8767394,-0.345310814
3.6825,-13.92650483,-0.343426637
3.69,-13.97528339,-0.341608249
3.6975,-14.02304439,-0.339855172
3.705,-14.06975733,-0.338166928
3.7125,-14.11539204,-0.336543042
3.72,-14.1599187,-0.33498304
3.7275,-14.20330792,-0.333486448
3.735,-14.24553083,-0.332052796
3.7425,-14.28655913,-0.330681615
3.75,-14.32636518,-0.329372436
3.7575,-14.36492207,-0.328124794
3.765,-14.40220369,-0.326938223
3.7725,-14.43818479,-0.325812261
3.78,-14.47284109,-0.324746446
3.7875,-14.50614932,-0.32374032
3.795,-14.53808729,-0.322793424
3.8025,-14.56863398,-0.321905302
3.81,-14.5977696,-0.3210755
3.8175,-14.62547563,-0.320303565
3.825,-14.65173491,-0.319589047
3.8325,-14.67653168,-0.318931496
3.84,-14.69985162,-0.318330465
3.8475,-14.72168195,-0.317785508
3.855,-14.7420114,-0.317296182
3.8625,-14.76083031,-0.316862046
3.87,-14.77813062,-0.316482658
3.8775,-14.79390593,-0.316157582
3.885,-14.80815149,-0.31588638
3.8925,-14.82086424,-0.315668619
3.9,-14.83204284,-0.315503865
3.9075,-14.8416876,-0.315391689
3.915,-14.84980055,-0.315331661
3.9225,-14.85638541,-0.315323355
3.93,-14.86144755,-0.315366345
3.9375,-14.86499402,-0.31546021
3.945,-14.86703347,-0.315604528
3.9525,-14.86757616,-0.315798879
3.96,-14.86663388,-0.316042848
3.9675,-14.86421996,-0.316336018
3.975,-14.86034919,-0.316677976
3.9825,-14.85503777,-0.317068312
3.99,-14.84830326,-0.317506616
3.9975,-14.84016453,-0.317992481
4.005,-14.83064167,-0.318525502
4.0125,-14.81975597,-0.319105275
4.02,-14.8075298,-0.3197314
4.0275,-14.79398658,-0.320403477
4.035,-14.77915068,-0.321121108
4.0425,-14.76304739,-0.3218839
4.05,-14.74570278,-0.322691458
4.0575,-14.7271437,-0.323543392
4.065,-14.70739764,-0.324439313
4.0725,-14.6864927,-0.325378833
4.08,-14.66445751,-0.326361568
4.0875,-14.64132115,-0.327387134
4.095,-14.61711307,-0.328455152
4.1025,-14.59186304,-0.329565241
4.11,-14.56560108,-0.330717025
4.1175,-14.53835737,-0.33191013
4.125,-14.51016224,-0.333144182
4.1325,-14.48104605,-0.334418812
4.14,-14.45103917,-0.33573365
4.1475,-14.42017191,-0.337088331
4.155,-14.38847447,-0.338482488
4.1625,-14.3559769,-0.339915762
4.17,-14.32270905,-0.341387789
4.1775,-14.28870049,-0.342898214
4.185,-14.25398055,-0.344446679
4.1925,-14.21857818,-0.34603283
4.2,-14.18252202,-0.347656315
4.2075,-14.14584028,-0.349316785
4.215,-14.10856076,-0.35101389
4.2225,-14.07071081,-0.352747285
4.23,-14.0323173,-0.354516627
4.2375,-13.99340663,-0.356321573
4.245,-13.95400466,-0.358161784
4.2525,-13.91413672,-0.360036922
4.26,-13.87382763,-0.361946651
4.2675,-13.83310162,-0.363890637
4.275,-13.79198237,-0.36586855
4.2825,-13.75049299,-0.367880058
4.29,-13.708656,-0.369924836
4.2975,-13.66649335,-0.372002557
4.305,-13.62402641,-0.374112897
4.3125,-13.58127594,-0.376255536
4.32,-13.53826213,-0.378430154
4.3275,-13.4950046,-0.380636433
4.335,-13.45152235,-0.382874059
4.3425,-13.40783385,-0.385142716
4.35,-13.36395696,-0.387442096
4.3575,-13.319909,-0.389771886
4.365,-13.27570671,-0.392131782
4.3725,-13.2313663,-0.394521476
4.38,-13.18690341,-0.396940665
4.3875,-13.14233316,-0.399389049
4.395,-13.09767016,-0.401866327
4.4025,-13.05292847,-0.404372202
4.41,-13.00812166,-0.406906378
4.4175,-12.96326283,-0.409468563
4.425,-12.91836454,-0.412058463
4.4325,-12.87343893,-0.41467579
4.44,-12.82849765,-0.417320255
4.4475,-12.78355189,-0.419991573
4.455,-12.73861243,-0.42268946
4.4625,-12.6936896,-0.425413634
4.47,-12.64879331,-0.428163814
4.4775,-12.60393308,-0.430939724
4.485,-12.55911801,-0.433741085
4.4925,-12.51435685,-0.436567624
4.5,-12.46965795,-0.439419069
4.5075,-12.42502932,-0.442295149
4.515,-12.38047859,-0.445195595
4.5225,-12.33601308,-0.44812014
4.53,-12.29163976,-0.451068519
4.5375,-12.24736531,-0.454040469
4.545,-12.20319606,-0.457035729
4.5525,-12.15913808,-0.460054039
4.56,-12.11519714,-0.463095141
4.5675,-12.07137872,-0.46615878
4.575,-12.02768803,-0.469244703
4.5825,-11.98413004,-0.472352655
4.59,-11.94070947,-0.475482388
4.5975,-11.89743076,-0.478633652
4.605,-11.85429816,-0.481806201
4.6125,-11.81131567,-0.484999789
4.62,-11.76848709,-0.488214174
4.6275,-11.72581599,-0.491449113
4.635,-11.68330576,-0.494704368
4.6425,-11.64095958,-0.497979699
4.65,-11.59878045,-0.501274871
4.6575,-11.5567712,-0.504589649
4.665,-11.51493446,-0.5079238
4.6725,-11.47327273,-0.511277093
4.68,-11.43178831,-0.514649299
4.6875,-11.39048339,-0.51804019
4.695,-11.34935998,-0.52144954
4.7025,-11.30841995,-0.524877124
4.71,-11.26766506,-0.528322719
4.7175,-11.22709691,-0.531786105
4.725,-11.18671699,-0.535267063
4.7325,-11.14652666,-0.538765374
4.74,-11.10652718,-0.542280822
4.7475,-11.06671968,-0.545813193
4.755,-11.02710521,-0.549362273
4.7625,-10.98768468,-0.552927853
4.77,-10.94845894,-0.556509721
4.7775,-10.90942872,-0.56010767
4.785,-10.87059468,-0.563721494
4.7925,-10.83195738,-0.567350986
4.8,-10.79351731,-0.570995945
4.8075,-10.75527487,-0.574656168
4.815,-10.71723039,-0.578331455
4.8225,-10.67938413,-0.582021607
4.83,-10.64173628,-0.585726426
4.8375,-10.60428696,-0.589445718
4.845,-10.56703624,-0.593179289
4.8525,-10.52998412,-0.596926944
4.86,-10.49313054,-0.600688494
4.8675,-10.45647539,-0.604463748
4.875,-10.42001852,-0.608252519
4.8825,-10.3837597,-0.612054619
4.89,-10.34769869,-0.615869863
4.8975,-10.31183518,-0.619698068
4.905,-10.27616882,-0.62353905
4.9125,-10.24069923,-0.62739263
4.92,-10.20542598,-0.631258627
4.9275,-10.17034861,-0.635136864
4.935,-10.13546662,-0.639027163
4.9425,-10.10077948,-0.64292935
4.95,-10.06628664,-0.64684325
4.9575,-10.03198749,-0.650768691
4.965,-9.997881419,-0.654705501
4.9725,-9.96396778,-0.658653511
4.98,-9.930245899,-0.662612553
4.9875,-9.89671508,-0.666582459
4.995,-9.863374605,-0.670563063
5.0025,-9.830223731,-0.674554202
5.01,-9.797261699,-0.678555711
5.0175,-9.764487728,-0.68256743
5.025,-9.731901022,-0.686589197
5.0325,-9.699500765,-0.690620853
5.04,-9.667286127,-0.69466224
5.0475,-9.635256263,-0.698713203
5.055,-9.603410314,-0.702773585
5.0625,-9.571747409,-0.706843232
5.07,-9.540266663,-0.710921991
5.0775,-9.508967181,-0.715009711
5.085,-9.477848059,-0.719106242
5.0925,-9.44690838,-0.723211433
5.1,-9.416147221,-0.727325138
5.1075,-9.38556365,-0.731447209
5.115,-9.355156727,-0.735577502
5.1225,-9.324925505,-0.739715871
5.13,-9.294869032,-0.743862173
5.1375,-9.26498635,-0.748016267
5.145,-9.235276494,-0.752178012
5.1525,-9.205738498,-0.756347268
5.16,-9.176371388,-0.760523897
5.1675,-9.147174191,-0.764707761
5.175,-9.118145926,-0.768898724
5.1825,-9.089285613,-0.773096651
5.19,-9.060592269,-0.777301408
5.1975,-9.032064908,-0.781512863
5.205,-9.003702546,-0.785730884
5.2125,-8.975504193,-0.789955339
5.22,-8.947468864,-0.7941861
5.2275,-8.919595569,-0.798423038
5.235,-8.89188332,-0.802666026
5.2425,-8.864331132,-0.806914937
5.25,-8.836938015,-0.811169647
5.2575,-8.809702986,-0.815430031
5.265,-8.782625058,-0.819695966
5.2725,-8.75570325,-0.82396733
5.28,-8.72893658,-0.828244002
5.2875,-8.70232407,-0.832525862
5.295,-8.675864741,-0.836812791
5.3025,-8.64955762,-0.841104671
5.31,-8.623401735,-0.845401385
5.3175,-8.597396117,-0.849702818
5.325,-8.5715398,-0.854008853
5.3325,-8.545831821,-0.858319378
5.34,-8.520271222,-0.862634279
5.3475,-8.494857046,-0.866953443
5.355,-8.469588341,-0.871276762
5.3625,-8.444464159,-0.875604123
5.37,-8.419483556,-0.879935417
5.3775,-8.394645591,-0.884270538
5.385,-8.369949329,-0.888609376
5.3925,-8.345393838,-0.892951827
5.4,-8.32097819,-0.897297784
5.4075,-8.296701462,-0.901647143
5.415,-8.272562737,-0.905999801
5.4225,-8.248561101,-0.910355654
5.43,-8.224695645,-0.914714602
5.4375,-8.200965466,-0.919076542
5.445,-8.177369664,-0.923441376
5.4525,-8.153907345,-0.927809003
5.46,-8.130577621,-0.932179326
5.4675,-8.107379608,-0.936552247
5.475,-8.084312427,-0.94092767
5.4825,-8.061375205,-0.945305499
5.49,-8.038567074,-0.949685639
5.4975,-8.015887171,-0.954067997
5.505,-7.993334639,-0.958452478
5.5125,-7.970908625,-0.962838992
5.52,-7.948608282,-0.967227445
5.5275,-7.92643277,-0.971617749
5.535,-7.904381254,-0.976009812
5.5425,-7.882452901,-0.980403545
5.55,-7.860646889,-0.984798862
5.5575,-7.838962397,-0.989195673
5.565,-7.817398613,-0.993593893
5.5725,-7.795954727,-0.997993436
5.58,-7.774629938,-1.002394215
5.5875,-7.753423449,-1.006796149
5.595,-7.732334467,-1.011199151
5.6025,-7.711362209,-1.015603141
5.61,-7.690505892,-1.020008036
5.6175,-7.669764744,-1.024413754
5.625,-7.649137995,-1.028820215
5.6325,-7.628624881,-1.03322734
5.64,-7.608224645,-1.037635049
5.6475,-7.587936535,-1.042043265
5.655,-7.567759805,-1.046451909
5.6625,-7.547693713,-1.050860904
5.67,-7.527737523,-1.055270176
5.6775,-7.507890507,-1.059679647
5.685,-7.48815194,-1.064089245
5.6925,-7.468521103,-1.068498894
5.7,-7.448997283,-1.072908521
5.7075,-7.429579772,-1.077318055
5.715,-7.410267868,-1.081727422
5.7225,-7.391060874,-1.086136552
5.73,-7.3719581,-1.090545375
5.7375,-7.352958859,-1.09495382
5.745,-7.334062471,-1.099361818
5.7525,-7.31526826,-1.103769302
5.76,-7.296575558,-1.108176202
5.7675,-7.2779837,-1.112582453
5.775,-7.259492028,-1.116987987
5.7825,-7.241099887,-1.121392739
5.79,-7.22280663,-1.125796643
5.7975,-7.204611614,-1.130199636
5.805,-7.186514201,-1.134601652
5.8125,-7.168513758,-1.13900263
5.82,-7.150609659,-1.143402506
5.8275,-7.132801281,-1.147801218
5.835,-7.115088007,-1.152198706
5.8425,-7.097469227,-1.156594908
5.85,-7.079944333,-1.160989764
5.8575,-7.062512724,-1.165383214
5.865,-7.045173803,-1.169775201
5.8725,-7.027926979,-1.174165666
5.88,-7.010771667,-1.17855455
5.8875,-6.993707283,-1.182941798
5.895,-6.976733253,-1.187327352
5.9025,-6.959849005,-1.191711156
5.91,-6.943053971,-1.196093156
5.9175,-6.926347592,-1.200473297
5.925,-6.909729309,-1.204851525
5.9325,-6.893198572,-1.209227786
5.94,-6.876754832,-1.213602028
5.9475,-6.860397549,-1.217974197
5.955,-6.844126183,-1.222344243
5.9625,-6.827940203,-1.226712113
5.97,-6.81183908,-1.231077759
5.9775,-6.795822291,-1.235441128
5.985,-6.779889318,-1.239802173
5.9925,-6.764039645,-1.244160843
6,-6.748272765,-1.248517092
